implementation,num_of_particles,steps,dt,worker_count,num_chunks,total_runtime_s,interactions,interactions_per_s
multiprocessing,10,1,0.01,1,1,0.15920658399772947,90,565.3032540493648
multiprocessing,10,5,0.01,1,1,0.07290970800022478,450,6172.017586445589
multiprocessing,10,10,0.01,1,1,0.07390208400101983,900,12178.276325571282
multiprocessing,50,1,0.01,1,1,0.0718551669997396,2450,34096.36498386927
multiprocessing,50,5,0.01,1,1,0.07430408400250599,12250,164863.078045439
multiprocessing,50,10,0.01,1,1,0.07736829100031173,24500,316667.1989678728
multiprocessing,100,1,0.01,1,1,0.07227604099898599,9900,136974.85173736748
multiprocessing,100,5,0.01,1,1,0.08104895799988299,49500,610741.9666033395
multiprocessing,100,10,0.01,1,1,0.0925708750000922,99000,1069450.8396933852
multiprocessing,200,1,0.01,1,1,0.08643512500202633,39800,460460.95264010964
multiprocessing,200,5,0.01,1,1,0.11574641600236646,199000,1719275.6965877146
multiprocessing,200,10,0.01,1,1,0.15201574999809964,398000,2618149.7641196745
multiprocessing,500,1,0.01,1,1,0.1227528750023339,249500,2032538.9527150078
multiprocessing,500,5,0.01,1,1,0.3310851669994008,1247500,3767912.68333159
multiprocessing,500,10,0.01,1,1,0.5977375830007077,2495000,4174072.487586992
multiprocessing,10,1,0.01,1,2,0.07026262499857694,90,1280.9085911866061
multiprocessing,10,5,0.01,1,2,0.07048612499784213,450,6384.23519542004
multiprocessing,10,10,0.01,1,2,0.07174645800114376,900,12544.173260590125
multiprocessing,50,1,0.01,1,2,0.07021633299882524,2450,34892.166756144754
multiprocessing,50,5,0.01,1,2,0.0728195420015254,12250,168224.07369361634
multiprocessing,50,10,0.01,1,2,0.07648908400005894,24500,320307.14343475626
multiprocessing,100,1,0.01,1,2,0.07158241599972825,9900,138302.12157183382
multiprocessing,100,5,0.01,1,2,0.08041795800090767,49500,615534.1571771979
multiprocessing,100,10,0.01,1,2,0.09161929200126906,99000,1080558.44830834
multiprocessing,200,1,0.01,1,2,0.0819086250012333,39800,485907.3143933344
multiprocessing,200,5,0.01,1,2,0.11516058400229667,199000,1728021.8029810556
multiprocessing,200,10,0.01,1,2,0.15187633399909828,398000,2620553.1139720757
multiprocessing,500,1,0.01,1,2,0.12255545800144318,249500,2035813.0438961107
multiprocessing,500,5,0.01,1,2,0.32991425000000163,1247500,3781285.5916347774
multiprocessing,500,10,0.01,1,2,0.5889940829983971,2495000,4236035.763379291
multiprocessing,10,1,0.01,1,4,0.07066820799809648,90,1273.5571277316703
multiprocessing,10,5,0.01,1,4,0.07050750000053085,450,6382.299755297124
multiprocessing,10,10,0.01,1,4,0.07156108300114283,900,12576.66824278815
multiprocessing,50,1,0.01,1,4,0.06989554200117709,2450,35052.307054987
multiprocessing,50,5,0.01,1,4,0.07308787500005565,12250,167606.4600317176
multiprocessing,50,10,0.01,1,4,0.07724874999985332,24500,317157.23555457557
multiprocessing,100,1,0.01,1,4,0.07215704199916217,9900,137200.74611865258
multiprocessing,100,5,0.01,1,4,0.08114729100270779,49500,610001.8791551309
multiprocessing,100,10,0.01,1,4,0.09285937499953434,99000,1066128.2180770272
multiprocessing,200,1,0.01,1,4,0.0773773330001859,39800,514362.5200923426
multiprocessing,200,5,0.01,1,4,0.12300716599929729,199000,1617791.926050364
multiprocessing,200,10,0.01,1,4,0.15938716600066982,398000,2497064.286834283
multiprocessing,500,1,0.01,1,4,0.12881862500216812,249500,1936831.7275223262
multiprocessing,500,5,0.01,1,4,0.33975412500149105,1247500,3671772.9328364306
multiprocessing,500,10,0.01,1,4,0.6049439589987742,2495000,4124348.9795805295
multiprocessing,10,1,0.01,1,8,0.07655558300029952,90,1175.616414542201
multiprocessing,10,5,0.01,1,8,0.07763658299882081,450,5796.236550066028
multiprocessing,10,10,0.01,1,8,0.0772535420001077,900,11649.951273415338
multiprocessing,50,1,0.01,1,8,0.0778027500018652,2450,31489.889495438976
multiprocessing,50,5,0.01,1,8,0.08105054199768347,12250,151140.2601151035
multiprocessing,50,10,0.01,1,8,0.08374141600143048,24500,292567.30026611313
multiprocessing,100,1,0.01,1,8,0.07884933300010744,9900,125555.91307267635
multiprocessing,100,5,0.01,1,8,0.08553400000164402,49500,578717.2352403556
multiprocessing,100,10,0.01,1,8,0.09635108300062711,99000,1027492.3427623087
multiprocessing,200,1,0.01,1,8,0.0828306250004971,39800,480498.60784898273
multiprocessing,200,5,0.01,1,8,0.11451145800310769,199000,1737817.363172508
multiprocessing,200,10,0.01,1,8,0.1537662500013539,398000,2588344.3213091013
multiprocessing,500,1,0.01,1,8,0.12692766699910862,249500,1965686.4882086911
multiprocessing,500,5,0.01,1,8,0.3388192090023949,1247500,3681904.587620893
multiprocessing,500,10,0.01,1,8,0.6122817079995002,2495000,4074921.6698827734
multiprocessing,10,1,0.01,2,2,0.07342845799939823,90,1225.6828272321554
multiprocessing,10,5,0.01,2,2,0.07349145899934229,450,6123.160515891068
multiprocessing,10,10,0.01,2,2,0.0735147909981606,900,12242.434315327357
multiprocessing,50,1,0.01,2,2,0.07269766700119362,2450,33701.21904957106
multiprocessing,50,5,0.01,2,2,0.07447441700060153,12250,164486.01403487395
multiprocessing,50,10,0.01,2,2,0.0761400000010326,24500,321775.6763812416
multiprocessing,100,1,0.01,2,2,0.07201024999812944,9900,137480.42813706613
multiprocessing,100,5,0.01,2,2,0.07822466699872166,49500,632792.7225412021
multiprocessing,100,10,0.01,2,2,0.08423554199907812,99000,1175275.8710935041
multiprocessing,200,1,0.01,2,2,0.08267316699857474,39800,481413.7578724441
multiprocessing,200,5,0.01,2,2,0.09708366600170848,199000,2049778.3838992852
multiprocessing,200,10,0.01,2,2,0.11857837500065216,398000,3356429.871785737
multiprocessing,500,1,0.01,2,2,0.10727687499820604,249500,2325757.5316597573
multiprocessing,500,5,0.01,2,2,0.2187835830009135,1247500,5701981.761560196
multiprocessing,500,10,0.01,2,2,0.35484845799874165,2495000,7031170.472238174
multiprocessing,10,1,0.01,2,4,0.07445875000121305,90,1208.7229506073331
multiprocessing,10,5,0.01,2,4,0.0738124159979634,450,6096.535303930658
multiprocessing,10,10,0.01,2,4,0.0749377079991973,900,12009.975004968666
multiprocessing,50,1,0.01,2,4,0.07294754200120224,2450,33585.778667629704
multiprocessing,50,5,0.01,2,4,0.0740654170003836,12250,165394.3297171547
multiprocessing,50,10,0.01,2,4,0.07705212499786285,24500,317966.5713395905
multiprocessing,100,1,0.01,2,4,0.0730107079980371,9900,135596.54838939736
multiprocessing,100,5,0.01,2,4,0.077785124998627,49500,636368.4573480306
multiprocessing,100,10,0.01,2,4,0.08408416699967347,99000,1177391.696113068
multiprocessing,200,1,0.01,2,4,0.07667774999936228,39800,519055.3974305586
multiprocessing,200,5,0.01,2,4,0.09624654200160876,199000,2067606.7509695436
multiprocessing,200,10,0.01,2,4,0.1248594589997083,398000,3187583.88982712
multiprocessing,500,1,0.01,2,4,0.10644999999931315,249500,2343823.3912786273
multiprocessing,500,5,0.01,2,4,0.2103151670016814,1247500,5931574.11224663
multiprocessing,500,10,0.01,2,4,0.34432108299733954,2495000,7246143.56542111
multiprocessing,10,1,0.01,2,8,0.0787054580032418,90,1143.5039231496878
multiprocessing,10,5,0.01,2,8,0.08003437500155997,450,5622.584045808178
multiprocessing,10,10,0.01,2,8,0.07949050000024727,900,11322.107673208753
multiprocessing,50,1,0.01,2,8,0.07721200000014505,2450,31730.81904361236
multiprocessing,50,5,0.01,2,8,0.07647974999781582,12250,160173.11772527822
multiprocessing,50,10,0.01,2,8,0.07803254100144841,24500,313971.57756973774
multiprocessing,100,1,0.01,2,8,0.07546041699970374,9900,131194.61028208825
multiprocessing,100,5,0.01,2,8,0.08239379099904909,49500,600773.4247908472
multiprocessing,100,10,0.01,2,8,0.08947970799999894,99000,1106396.1004432556
multiprocessing,200,1,0.01,2,8,0.07874208400244243,39800,505447.63329816726
multiprocessing,200,5,0.01,2,8,0.09728733299925807,199000,2045487.2578480244
multiprocessing,200,10,0.01,2,8,0.12084770799992839,398000,3293401.311344985
multiprocessing,500,1,0.01,2,8,0.10734750000119675,249500,2324227.392321372
multiprocessing,500,5,0.01,2,8,0.21394704200065462,1247500,5830882.204934542
multiprocessing,500,10,0.01,2,8,0.3453695419993892,2495000,7224146.013444384
multiprocessing,10,1,0.01,2,16,0.07871083400095813,90,1143.42582113797
multiprocessing,10,5,0.01,2,16,0.0768284589976247,450,5857.204555071353
multiprocessing,10,10,0.01,2,16,0.07962720900104614,900,11302.669166618358
multiprocessing,50,1,0.01,2,16,0.0793346249993192,2450,30881.85013820919
multiprocessing,50,5,0.01,2,16,0.0778842910003732,12250,157284.6056972041
multiprocessing,50,10,0.01,2,16,0.08139391599979717,24500,301005.2987260258
multiprocessing,100,1,0.01,2,16,0.07607950000237906,9900,130127.03815995662
multiprocessing,100,5,0.01,2,16,0.0815798330004327,49500,606767.6063977411
multiprocessing,100,10,0.01,2,16,0.08614579200002481,99000,1149214.578002504
multiprocessing,200,1,0.01,2,16,0.0768580829972052,39800,517837.5318240406
multiprocessing,200,5,0.01,2,16,0.0944323749972682,199000,2107328.127729042
multiprocessing,200,10,0.01,2,16,0.11832483400212368,398000,3363621.874955318
multiprocessing,500,1,0.01,2,16,0.10335658300027717,249500,2413972.9928893927
multiprocessing,500,5,0.01,2,16,0.21130320899828803,1247500,5903838.40318349
multiprocessing,500,10,0.01,2,16,0.3497930000012275,2495000,7132789.964325314
multiprocessing,10,1,0.01,4,4,0.08036458399874391,90,1119.8962966249746
multiprocessing,10,5,0.01,4,4,0.08206337500087102,450,5483.56681644185
multiprocessing,10,10,0.01,4,4,0.07950145900031202,900,11320.546959980542
multiprocessing,50,1,0.01,4,4,0.07890075000250363,2450,31051.669343095702
multiprocessing,50,5,0.01,4,4,0.10825845899671549,12250,113155.12998731728
multiprocessing,50,10,0.01,4,4,0.0925093330006348,24500,264838.1434101561
multiprocessing,100,1,0.01,4,4,0.08547816699865507,9900,115819.04885905857
multiprocessing,100,5,0.01,4,4,0.08433412500016857,49500,586951.0118223324
multiprocessing,100,10,0.01,4,4,0.08879425000122865,99000,1114937.0595351628
multiprocessing,200,1,0.01,4,4,0.0809185409998463,39800,491852.6645219122
multiprocessing,200,5,0.01,4,4,0.09048666700255126,199000,2199219.0296321693
multiprocessing,200,10,0.01,4,4,0.1285608329999377,398000,3095810.681315303
multiprocessing,500,1,0.01,4,4,0.09644900000057532,249500,2586859.3764425935
multiprocessing,500,5,0.01,4,4,0.15491991599992616,1247500,8052547.614346722
multiprocessing,500,10,0.01,4,4,0.2225635000031616,2495000,11210283.8064847
multiprocessing,10,1,0.01,4,8,0.07992395799738006,90,1126.0703580639768
multiprocessing,10,5,0.01,4,8,0.07936295800027438,450,5670.151558595438
multiprocessing,10,10,0.01,4,8,0.07876329200007604,900,11426.642756363348
multiprocessing,50,1,0.01,4,8,0.07725649999702,2450,31712.541987981636
multiprocessing,50,5,0.01,4,8,0.07893808300286764,12250,155184.91878698126
multiprocessing,50,10,0.01,4,8,0.082067499999539,24500,298534.7427439318
multiprocessing,100,1,0.01,4,8,0.08214666700223461,9900,120516.14948334658
multiprocessing,100,5,0.01,4,8,0.08571533299982548,49500,577492.9439998884
multiprocessing,100,10,0.01,4,8,0.08720129200082738,99000,1135304.2796551762
multiprocessing,200,1,0.01,4,8,0.07931450000251061,39800,501799.79699475097
multiprocessing,200,5,0.01,4,8,0.09050225000100909,199000,2198840.3602980166
multiprocessing,200,10,0.01,4,8,0.10634570799811627,398000,3742511.1693934076
multiprocessing,500,1,0.01,4,8,0.09376554200207465,249500,2660892.207016513
multiprocessing,500,5,0.01,4,8,0.16117087499878835,1247500,7740232.2225363515
multiprocessing,500,10,0.01,4,8,0.23573100000066916,2495000,10584097.976052864
multiprocessing,10,1,0.01,4,16,0.08176300000195624,90,1100.742389563087
multiprocessing,10,5,0.01,4,16,0.08178258399857441,450,5502.394006135147
multiprocessing,10,10,0.01,4,16,0.08154204200036475,900,11037.251188730032
multiprocessing,50,1,0.01,4,16,0.07781033300125273,2450,31486.82065093534
multiprocessing,50,5,0.01,4,16,0.08015945899751387,12250,152820.39266731992
multiprocessing,50,10,0.01,4,16,0.08175366599971312,24500,299680.7507089159
multiprocessing,100,1,0.01,4,16,0.07635095899968292,9900,129664.38312898093
multiprocessing,100,5,0.01,4,16,0.08122683300098288,49500,609404.5301433952
multiprocessing,100,10,0.01,4,16,0.08524879099786631,99000,1161306.7920514892
multiprocessing,200,1,0.01,4,16,0.0789078329980839,39800,504385.92073573294
multiprocessing,200,5,0.01,4,16,0.08982545899925753,199000,2215407.5494525987
multiprocessing,200,10,0.01,4,16,0.10586645799776306,398000,3759453.2539136205
multiprocessing,500,1,0.01,4,16,0.09683433300233446,249500,2576565.4831740838
multiprocessing,500,5,0.01,4,16,0.1525379589984368,1247500,8178292.198158913
multiprocessing,500,10,0.01,4,16,0.22301666699786438,2495000,11187504.654187538
multiprocessing,10,1,0.01,4,32,0.07907374999922467,90,1138.1779667826866
multiprocessing,10,5,0.01,4,32,0.09051449999969918,450,4971.579139270454
multiprocessing,10,10,0.01,4,32,0.09179299999959767,900,9804.669201398197
multiprocessing,50,1,0.01,4,32,0.08521200000177487,2450,28751.81899203128
multiprocessing,50,5,0.01,4,32,0.08126770899980329,12250,150736.37673272728
multiprocessing,50,10,0.01,4,32,0.08675687499999185,24500,282398.3690053647
multiprocessing,100,1,0.01,4,32,0.07827050000196323,9900,126484.4353843617
multiprocessing,100,5,0.01,4,32,0.0827879579992441,49500,597913.0443155991
multiprocessing,100,10,0.01,4,32,0.0860253749997355,99000,1150823.2309397592
multiprocessing,200,1,0.01,4,32,0.08037666599921067,39800,495168.58537514915
multiprocessing,200,5,0.01,4,32,0.09385829199891305,199000,2120217.572276987
multiprocessing,200,10,0.01,4,32,0.10886641700199107,398000,3655856.5162727907
multiprocessing,500,1,0.01,4,32,0.10185254200041527,249500,2449619.7650028486
multiprocessing,500,5,0.01,4,32,0.15000191599756363,1247500,8316560.436603105
multiprocessing,500,10,0.01,4,32,0.22357587499936926,2495000,11159522.466397766
multiprocessing,10,1,0.01,8,8,0.08659179199821665,90,1039.3594811140244
multiprocessing,10,5,0.01,8,8,0.09013833299832186,450,4992.326627655493
multiprocessing,10,10,0.01,8,8,0.09331037500305683,900,9645.229696810415
multiprocessing,50,1,0.01,8,8,0.09088420800253516,2450,26957.378557247906
multiprocessing,50,5,0.01,8,8,0.1012595419997524,12250,120976.25328020893
multiprocessing,50,10,0.01,8,8,0.09471862499776762,24500,258660.84944304702
multiprocessing,100,1,0.01,8,8,0.08916300000055344,9900,111032.60320916244
multiprocessing,100,5,0.01,8,8,0.1023923749999085,49500,483434.43542592146
multiprocessing,100,10,0.01,8,8,0.11255516700111912,99000,879568.6829642896
multiprocessing,200,1,0.01,8,8,0.0990505830013717,39800,401814.8989536874
multiprocessing,200,5,0.01,8,8,0.0937625830010802,199000,2122381.803386404
multiprocessing,200,10,0.01,8,8,0.10321299999850453,398000,3856103.397883665
multiprocessing,500,1,0.01,8,8,0.09515129200008232,249500,2622139.9074621513
multiprocessing,500,5,0.01,8,8,0.1276363750002929,1247500,9773859.528658168
multiprocessing,500,10,0.01,8,8,0.17422816600083024,2495000,14320302.263803378
multiprocessing,10,1,0.01,8,16,0.07962216600208194,90,1130.3385039493487
multiprocessing,10,5,0.01,8,16,0.09402841699920828,450,4785.787258375189
multiprocessing,10,10,0.01,8,16,0.09617333300047903,900,9358.1034567609
multiprocessing,50,1,0.01,8,16,0.08175370900062262,2450,29968.059308249136
multiprocessing,50,5,0.01,8,16,0.08483008400071412,12250,144406.3169841595
multiprocessing,50,10,0.01,8,16,0.089489500001946,24500,273775.1356244837
multiprocessing,100,1,0.01,8,16,0.08179112499783514,9900,121040.0272677755
multiprocessing,100,5,0.01,8,16,0.08604895899770781,49500,575253.9086651657
multiprocessing,100,10,0.01,8,16,0.09162154200021178,99000,1080531.9124597486
multiprocessing,200,1,0.01,8,16,0.08378245800122386,39800,475039.7750256816
multiprocessing,200,5,0.01,8,16,0.0923430830007419,199000,2155007.1053876467
multiprocessing,200,10,0.01,8,16,0.102535916998022,398000,3881566.690505901
multiprocessing,500,1,0.01,8,16,0.09339537499909056,249500,2671438.4947052198
multiprocessing,500,5,0.01,8,16,0.14254162500219536,1247500,8751829.509315519
multiprocessing,500,10,0.01,8,16,0.16567345799921895,2495000,15059744.814475728
multiprocessing,10,1,0.01,8,32,0.08192616700034705,90,1098.5501128060678
multiprocessing,10,5,0.01,8,32,0.08524983300230815,450,5278.602715712254
multiprocessing,10,10,0.01,8,32,0.0899637080001412,900,10004.034071145528
multiprocessing,50,1,0.01,8,32,0.09695787499731523,2450,25268.70561125479
multiprocessing,50,5,0.01,8,32,0.0889529579981172,12250,137713.2393985064
multiprocessing,50,10,0.01,8,32,0.0915755829992122,24500,267538.56429405167
multiprocessing,100,1,0.01,8,32,0.08241491700027836,9900,120123.88485408001
multiprocessing,100,5,0.01,8,32,0.08762979099992663,49500,564876.3900400201
multiprocessing,100,10,0.01,8,32,0.09471504199973424,99000,1045240.5226223496
multiprocessing,200,1,0.01,8,32,0.08448741599931964,39800,471076.0712615533
multiprocessing,200,5,0.01,8,32,0.09245604100215132,199000,2152374.2293418073
multiprocessing,200,10,0.01,8,32,0.10335633399881772,398000,3850755.774721583
multiprocessing,500,1,0.01,8,32,0.0923828750019311,249500,2700716.9888876555
multiprocessing,500,5,0.01,8,32,0.12551662500118255,1247500,9938922.433488367
multiprocessing,500,10,0.01,8,32,0.1659683750003751,2495000,15032984.446551105
multiprocessing,10,1,0.01,8,64,0.11635904099966865,90,773.4680453430025
multiprocessing,10,5,0.01,8,64,0.10026295900024706,450,4488.197879726362
multiprocessing,10,10,0.01,8,64,0.09391983399837045,900,9582.64044648562
multiprocessing,50,1,0.01,8,64,0.08288916699893889,2450,29557.541578760996
multiprocessing,50,5,0.01,8,64,0.10214875000019674,12250,119923.15128649549
multiprocessing,50,10,0.01,8,64,0.11037199999918812,24500,221976.58826677254
multiprocessing,100,1,0.01,8,64,0.09433266700216336,9900,104947.73777330985
multiprocessing,100,5,0.01,8,64,0.09320220800145762,49500,531103.297458638
multiprocessing,100,10,0.01,8,64,0.10603558299771976,99000,933648.8488220879
multiprocessing,200,1,0.01,8,64,0.08793854100076715,39800,452588.81426805566
multiprocessing,200,5,0.01,8,64,0.09639183400213369,199000,2064490.2346768817
multiprocessing,200,10,0.01,8,64,0.10742587499771616,398000,3704880.2256296384
multiprocessing,500,1,0.01,8,64,0.09828033300073002,249500,2538656.436971441
multiprocessing,500,5,0.01,8,64,0.15918999999848893,1247500,7836547.521903647
multiprocessing,500,10,0.01,8,64,0.40016825000202516,2495000,6234877.454639076
